{
    "val_loss": 1.2661656141281128,
    "val_bpc": 1.826690852446757,
    "test_loss": 1.276857614517212,
    "test_bpc": 1.8421161483852935,
    "step_losses": [
        1.1969927549362183,
        1.2637981176376343,
        1.1446325778961182,
        1.130950689315796,
        1.0484446287155151,
        0.951010525226593,
        0.9522568583488464,
        0.9422300457954407,
        0.9944753050804138,
        0.8292323350906372,
        0.9080724120140076,
        0.7938247919082642,
        0.7316142320632935,
        0.7476908564567566,
        0.7503600120544434,
        0.6599428057670593,
        0.6412514448165894,
        0.5524430871009827,
        0.5934104919433594,
        0.5160858631134033,
        0.5241897702217102,
        0.4521673023700714,
        0.5357279777526855,
        0.42636746168136597,
        0.455732136964798,
        0.445448637008667,
        0.3869633078575134,
        0.3694555163383484,
        0.35445570945739746,
        0.36915382742881775,
        0.2847188413143158,
        0.3771859407424927,
        0.2733966112136841,
        0.2964944541454315,
        0.23848524689674377,
        0.26838162541389465,
        0.24880315363407135,
        0.25697803497314453,
        0.2387615591287613,
        0.20167139172554016,
        0.21442462503910065,
        0.21868903934955597,
        0.1902233362197876,
        0.22746632993221283,
        0.16086915135383606,
        0.17365442216396332,
        0.1731819063425064,
        0.1552370935678482,
        0.15379123389720917,
        0.1491631716489792,
        0.18827827274799347,
        0.141757532954216,
        0.14052702486515045,
        0.12879906594753265,
        0.16005802154541016,
        0.14008305966854095,
        0.1389521211385727,
        0.11486826092004776,
        0.12667541205883026,
        0.12592828273773193,
        0.1301298886537552,
        0.12000610679388046,
        0.10906180739402771,
        0.13550449907779694,
        0.1204533725976944,
        0.10027551651000977,
        0.12075135856866837,
        0.1431567370891571,
        0.10350542515516281,
        0.09152550995349884,
        0.12493637204170227,
        0.0998084545135498,
        0.11015187203884125,
        0.10741744190454483,
        0.08506562560796738,
        0.09428334981203079,
        0.10309834033250809,
        0.10868334025144577,
        0.1105334684252739,
        0.11454286426305771,
        0.0897129625082016,
        0.08878141641616821,
        0.10550892353057861,
        0.08963803201913834,
        0.09321513026952744,
        0.10297102481126785,
        0.10055062174797058,
        0.09219980239868164,
        0.08642777055501938,
        0.08875003457069397,
        0.09112463146448135,
        0.09081427752971649,
        0.09279214590787888,
        0.08272668719291687,
        0.08157584816217422,
        0.0917183980345726,
        0.09367721527814865,
        0.08111635595560074,
        0.08300025016069412,
        0.09450958669185638
    ],
    "grad_norms": [
        0.7419755148685416,
        0.7679193074203277,
        0.6588134223528909,
        0.6257285050524732,
        0.676835943755095,
        0.6307092098225863,
        0.5681404307308302,
        0.5972540304785977,
        0.7208305440668427,
        0.6061196853984729,
        0.6360497596329797,
        0.5345518312478164,
        0.560022462579004,
        0.5831610675724179,
        0.6361884121091737,
        0.5696043090804355,
        0.5864203775071201,
        0.5618727452508306,
        0.6213102015542734,
        0.5273402223136691,
        0.5687878406934764,
        0.493154485082465,
        0.6035722942289077,
        0.5687896458937313,
        0.5027318400508354,
        0.49800908140475814,
        0.4915111345983401,
        0.49928276660399723,
        0.4908009670479829,
        0.5595717641842942,
        0.4582500334142707,
        0.5887739606647222,
        0.4613332631143326,
        0.4751070569154091,
        0.3984172340508873,
        0.49592323673848,
        0.4699042006234991,
        0.5125839458790391,
        0.4269890614286016,
        0.40689755833192126,
        0.42543483004010735,
        0.47263016468145086,
        0.4300729557148277,
        0.518815781622732,
        0.3868082479010068,
        0.35763746081235886,
        0.40293931960119844,
        0.3912256701938588,
        0.38705437204794085,
        0.36473919951622275,
        0.44332127418279144,
        0.3729694473127662,
        0.34338329741605095,
        0.3250161835177083,
        0.37059082415417816,
        0.3064879655975363,
        0.37866602085691453,
        0.29516692157629987,
        0.3178051711136911,
        0.3479868820532041,
        0.3229636739553418,
        0.3145426629029596,
        0.29275445301928565,
        0.34142922917114804,
        0.27529059582697873,
        0.31802783146245617,
        0.30862245913535996,
        0.39867308760818404,
        0.28418094310075637,
        0.2687093835961177,
        0.3381665549094693,
        0.25016887859327686,
        0.3382846860966406,
        0.3236564624167454,
        0.2471656614468,
        0.2742347010899422,
        0.3366854183307357,
        0.3455475958169275,
        0.30759882252713006,
        0.29883116492240813,
        0.2897209561811792,
        0.25128266207088984,
        0.30127491871678475,
        0.22298071659265925,
        0.26745838021146434,
        0.3038245399198858,
        0.31845099660448273,
        0.24811229468225954,
        0.23118479681839424,
        0.25568556665604447,
        0.24326346379457003,
        0.27213356677311273,
        0.26198126487203105,
        0.2650468636180679,
        0.22573156704073527,
        0.22949868849457497,
        0.25092506220385835,
        0.18408593330902576,
        0.20560505039775318,
        0.24539579293742195
    ],
    "history_steps": [
        0,
        500,
        1000,
        1500,
        2000,
        2500,
        3000,
        3500,
        4000,
        4500,
        5000,
        5500,
        6000,
        6500,
        7000,
        7500,
        8000,
        8500,
        9000,
        9500,
        10000
    ],
    "history_val_losses": [
        5.0958,
        1.6469,
        1.3556,
        1.1157,
        1.0509,
        1.007,
        0.9836,
        0.9676,
        0.9519,
        0.9418,
        0.9306,
        0.9222,
        0.9184,
        0.9173,
        0.9033,
        0.902,
        0.8988,
        0.8918,
        0.8938,
        0.8817,
        0.8817
    ],
    "history_val_bpc": [
        7.35168538936198,
        2.375974462840034,
        1.9557173974290787,
        1.6096148571198163,
        1.5161282184702116,
        1.452793906175186,
        1.4190348422183845,
        1.395951721564161,
        1.3733014094222042,
        1.3587301895092256,
        1.3425720050512693,
        1.3304533667078022,
        1.3249711255524241,
        1.3233841610074462,
        1.3031864304350007,
        1.301310926881845,
        1.2966943027510005,
        1.2865954374647777,
        1.2894808275465557,
        1.272024217551799,
        1.272024217551799
    ]
}