{
    "distinct_1": 0.38,
    "distinct_2": 0.7066666666666667,
    "distinct_3": 0.8252427184466019,
    "avg_self_bleu": 0.024169763070013634,
    "temps": [
        0.2,
        0.5,
        0.8,
        1.2
    ],
    "top_ks": [
        1,
        5,
        20,
        100
    ],
    "repetition_grid": [
        [
            0.7272727272727273,
            0.7272727272727273,
            0.4,
            0.7272727272727273
        ],
        [
            0.7272727272727273,
            0.0,
            0.0,
            0.0
        ],
        [
            0.7272727272727273,
            0.017857142857142905,
            0.0,
            0.0357142857142857
        ],
        [
            0.7272727272727273,
            0.036363636363636376,
            0.0,
            0.0
        ]
    ],
    "perplexity_grid": [
        [
            1.3354252862448186,
            1.3354252862448186,
            1.4590452090854766,
            1.3354252862448186
        ],
        [
            1.3354252862448186,
            2.252928946000398,
            1.8424471367157897,
            1.5355031789052291
        ],
        [
            1.3354252862448186,
            1.9418138267494516,
            2.619310536142523,
            3.0136153572545914
        ],
        [
            1.3354252862448186,
            2.607089251660281,
            3.3484139816807263,
            4.574234064694598
        ]
    ],
    "sample_generations": [
        "Yes.  What is this a neural neural neural neural neural neural neural neural neural neural neural n",
        "Who?",
        "I'm sorry to be a long time to see you.  You want to be an experiment to see you.",
        "Sure.",
        "The only one who died in the car.  You don't know what to do with your party."
    ]
}